PrefsPresetヘルプ	PrefsPreset Help	PrefsPreset 帮助	PrefsPreset 도움말
設定…	Settings…	设置…	설정…
メインウインドウを開く	Open Main Window	打开主窗口	메인 윈도우 열기
開く…	Open…	打开…	열기…
書き出す…	Export…	导出…	내보내기…
バックアップフォルダを表示	Show Backup Folder	显示备份文件夹	백업 폴더 보기
ウインドウを閉じる	Close Window	关闭窗口	윈도우 닫기
しまう	Minimize	最小化	최소화
拡大／縮小	Zoom	缩放	확대/축소
設定	Settings	设置	설정
未設定（既定値）	Not set (default)	未设置（默认值）	설정 안 됨(기본값)
%@の変更後の値	New value for %@	%@ 的新值	%@의 새 값
この型の値はここでは編集できません	Values of this type cannot be edited here	此类型的值无法在此编辑	이 유형의 값은 여기에서 편집할 수 없습니다
%@件の設定をMacに適用しますか？	Apply %@ settings to this Mac?	要将 %@ 项设置应用到这台 Mac 吗？	%@개의 설정을 이 Mac에 적용할까요?
適用	Apply	应用	적용
キャンセル	Cancel	取消	취소
元の値はバックアップします。DockやFinderなどは再起動します。	The original values are backed up. Dock, Finder and similar processes are restarted.	原始值会被备份。Dock、Finder 等进程将重新启动。	원래 값은 백업됩니다. Dock, Finder 등은 다시 시작됩니다.
Macの設定をまとめて変更	Change Mac Settings at Once	批量更改 Mac 设置	Mac 설정 한 번에 변경
値を選んで適用し、ほかのMacへ書き出して移せます	Choose values and apply them, or export them to another Mac	选择值并应用，或导出到另一台 Mac	값을 골라 적용하거나 다른 Mac으로 내보낼 수 있습니다
書き出したセットを開き、その値を「変更後」に入れる	Open an exported set and put its values in “New Value”	打开导出的设置集，并将其值填入“新值”	내보낸 세트를 열어 그 값을 ‘새 값’에 넣습니다
全項目の「変更後」の値をセットとしてファイルに保存	Save the “New Value” of every item to a file as a set	将所有项目的“新值”作为设置集保存到文件	모든 항목의 ‘새 값’을 세트로 파일에 저장합니다
すべて	All	全部	전체
変更した項目	Changed Items	已更改的项目	변경한 항목
カテゴリ	Categories	类别	카테고리
**設定を変える**　「変更後」の列で値を選ぶか入力し、右下の「適用」を押します。	**Change a setting**　Choose or type a value in the “New Value” column, then click “Apply” at the lower right.	**更改设置**　在“新值”列中选择或输入值，然后点按右下角的“应用”。	**설정 변경**　‘새 값’ 열에서 값을 고르거나 입력한 뒤 오른쪽 아래의 ‘적용’을 누릅니다.
**新しいMacへ移す**　「書き出す…」で今の設定一式をファイルに保存し、新しいMacでそのファイルを「開く…」で読み込んで「適用」を押します。	**Move to a new Mac**　Use “Export…” to save the current settings to a file, open that file on the new Mac with “Open…”, then click “Apply”.	**迁移到新 Mac**　用“导出…”将当前设置保存到文件，在新 Mac 上用“打开…”读取该文件，然后点按“应用”。	**새 Mac으로 옮기기**　‘내보내기…’로 현재 설정을 파일에 저장하고, 새 Mac에서 ‘열기…’로 그 파일을 읽은 뒤 ‘적용’을 누릅니다.
変更を取り消すには、行を右クリックして「現在の値に戻す」を選びます。	To undo a change, right-click the row and choose “Revert to Current Value”.	要撤销更改，请右键点按该行并选择“恢复为当前值”。	변경을 취소하려면 행을 오른쪽 클릭하고 ‘현재 값으로 되돌리기’를 선택합니다.
この説明を隠す（設定の「表示」タブで再表示できます）	Hide these instructions (show them again in the Display tab of Settings)	隐藏此说明（可在设置的“显示”标签中重新显示）	이 설명 숨기기(설정의 ‘표시’ 탭에서 다시 표시할 수 있음)
この説明を隠す	Hide These Instructions	隐藏此说明	이 설명 숨기기
項目名・キーで検索	Search by item name or key	按项目名称或键搜索	항목 이름 또는 키로 검색
読み直す	Reload	重新读取	다시 읽기
現在の値を読み直す	Read the current values again	重新读取当前值	현재 값을 다시 읽습니다
項目を追加…	Add Item…	添加项目…	항목 추가…
一覧にないドメインとキーを追加	Add a domain and key that are not in the list	添加列表中没有的域和键	목록에 없는 도메인과 키를 추가합니다
項目	Item	项目	항목
変更あり	Changed	已更改	변경됨
「適用」で書き換わります	Written when you click “Apply”	点按“应用”时写入	‘적용’을 누르면 기록됩니다
現在の値	Current Value	当前值	현재 값
変更後	New Value	新值	새 값
ドメイン / キー	Domain / Key	域 / 键	도메인 / 키
現在の値に戻す	Revert to Current Value	恢复为当前值	현재 값으로 되돌리기
未設定（既定値）にする	Set to Not Set (Default)	设为未设置（默认值）	설정 안 함(기본값)으로 지정
変更した項目はありません	No changes	没有更改的项目	변경한 항목 없음
変更した項目 %@件	%@ Changed Items	%@ 个已更改的项目	변경한 항목 %@개
すべての変更を取り消す	Discard All Changes	放弃所有更改	모든 변경 취소
項目を追加	Add Item	添加项目	항목 추가
ドメイン	Domain	域	도메인
キー	Key	键	키
表示名	Display Name	显示名称	표시 이름
省略するとキー名	Uses the key name if empty	留空则使用键名	비워 두면 키 이름 사용
「追加した項目」カテゴリに現在の値とともに並びます。全体の設定はNSGlobalDomainと入力します。	Appears with its current value in the “Added Items” category. For global settings, enter NSGlobalDomain.	将与当前值一起显示在“添加的项目”类别中。全局设置请输入 NSGlobalDomain。	현재 값과 함께 ‘추가한 항목’ 카테고리에 표시됩니다. 전체 설정은 NSGlobalDomain을 입력합니다.
追加	Add	添加	추가
メインウインドウ	Main Window	主窗口	메인 윈도우
操作手順を表示	Show instructions	显示操作说明	사용 방법 표시
一覧の上に、値の変え方と新しいMacへの移し方を表示します。	Shows how to change values and move them to a new Mac above the list.	在列表上方显示更改值以及迁移到新 Mac 的方法。	목록 위에 값을 바꾸는 방법과 새 Mac으로 옮기는 방법을 표시합니다.
オン	On	开	켬
オフ	Off	关	끔
配列（%@件）	Array (%@ items)	数组（%@ 项）	배열(%@개)
辞書（%@件）	Dictionary (%@ items)	字典（%@ 项）	사전(%@개)
データ（%@バイト）	Data (%@ bytes)	数据（%@ 字节）	데이터(%@바이트)
書き出せませんでした	Could Not Export	无法导出	내보낼 수 없습니다
読み込めませんでした	Could Not Open	无法打开	열 수 없습니다
PrefsPresetのセットファイルではありません。	This is not a PrefsPreset set file.	这不是 PrefsPreset 设置集文件。	PrefsPreset 세트 파일이 아닙니다.
バックアップできなかったため中止しました	Stopped Because the Backup Failed	由于无法备份，已停止	백업할 수 없어 중단했습니다
%@件の設定を書き込みました。	Wrote %@ settings.	已写入 %@ 项设置。	%@개의 설정을 기록했습니다.
書き込めなかった項目：%@	Not written: %@	未能写入的项目：%@	기록하지 못한 항목: %@
、	, 	、	,
再起動：%@	Restarted: %@	已重新启动：%@	다시 시작함: %@
キーボード・トラックパッドなど一部の設定は、ログインし直すと反映されます。	Some settings, such as keyboard and trackpad, take effect after you log in again.	键盘、触控板等部分设置需重新登录后才会生效。	키보드, 트랙패드 등 일부 설정은 다시 로그인해야 반영됩니다.
元の値は「%@」に保存しました。ファイルメニューの「開く…」で読み込んで適用すると元に戻せます。	The original values were saved to “%@”. To restore them, open it with File > Open… and apply it.	原始值已保存到“%@”。在“文件”菜单中用“打开…”读取并应用即可恢复。	원래 값은 ‘%@’에 저장했습니다. 파일 메뉴의 ‘열기…’로 읽어 적용하면 되돌릴 수 있습니다.
適用しました	Applied	已应用	적용했습니다
一部の設定を適用できませんでした	Some Settings Could Not Be Applied	部分设置无法应用	일부 설정을 적용할 수 없습니다
全体	General	通用	일반
キーボード	Keyboard	键盘	키보드
サウンド	Sound	声音	사운드
Dock	Dock	程序坞	Dock
Mission Control	Mission Control	调度中心	Mission Control
Finder	Finder	访达	Finder
ウィンドウ管理	Window Management	窗口管理	윈도우 관리
スクリーンショット	Screenshots	截屏	스크린샷
メニューバー	Menu Bar	菜单栏	메뉴 막대
その他	Other	其他	기타
追加した項目	Added Items	添加的项目	추가한 항목
すべてのファイル名拡張子を表示	Show all filename extensions	显示所有文件扩展名	모든 파일 확장자 보기
スクロールバーの表示	Show scroll bars	显示滚动条	스크롤 막대 보기
タイトルバーのダブルクリック	Double-click a window’s title bar to	连按窗口标题栏以	윈도우 제목 막대를 이중 클릭하여
ダブルクリックでしまう（旧設定）	Double-click to minimize (legacy)	连按以最小化（旧设置）	이중 클릭하여 최소화(이전 설정)
書類をタブで開く	Prefer tabs when opening documents	打开文稿时首选标签页	문서를 열 때 탭 선호
アプリ終了時にウィンドウを保持	Keep windows when quitting an app	退出应用时保留窗口	앱 종료 시 윈도우 유지
最近使った項目の数	Number of recent items	最近使用的项目数	최근 항목 수
ウィンドウを開くアニメーション	Window opening animation	窗口打开动画	윈도우 열기 애니메이션
Quick Look のアニメーション時間	Quick Look animation duration	快速查看动画时长	훑어보기 애니메이션 시간
ツールチップ表示までの時間（ms）	Tooltip delay (ms)	工具提示延迟（毫秒）	도움말 표시 지연(ms)
⌃⌘ドラッグでウィンドウを移動	Move windows with ⌃⌘-drag	按住 ⌃⌘ 拖移窗口	⌃⌘-드래그로 윈도우 이동
保存パネルを展開して開く	Expand save panels by default	默认展开存储面板	저장 패널을 펼친 상태로 열기
スプリングロードの遅延（秒）	Spring-loading delay (seconds)	弹簧加载延迟（秒）	스프링 로딩 지연(초)
フォルダを開くアプリ	App that opens folders	打开文件夹的应用	폴더를 여는 앱
フォントのアンチエイリアス閾値	Font anti-aliasing threshold	字体抗锯齿阈值	폰트 안티앨리어싱 임계값
NSConvolutionOverride1	NSConvolutionOverride1	NSConvolutionOverride1	NSConvolutionOverride1
キーのリピート速度	Key repeat rate	按键重复速率	키 반복 속도
リピート入力認識までの時間	Delay until repeat	重复前延迟	반복 지연 시간
長押しでアクセント文字を表示	Press and hold for accented characters	按住按键显示重音字符	길게 눌러 악센트 문자 표시
F1、F2などを標準のファンクションキーとして使用	Use F1, F2, etc. as standard function keys	将 F1、F2 等键用作标准功能键	F1, F2 등을 표준 기능 키로 사용
fn（地球儀）キーを押して	Press fn (Globe) key to	按下 fn（地球仪）键以	fn(지구본) 키를 눌러
文頭を自動的に大文字にする	Capitalize words automatically	自动大写单词的首字母	자동으로 문장 첫 글자를 대문자로
スペルを自動変換	Correct spelling automatically	自动纠正拼写	자동으로 맞춤법 수정
ダッシュを自動置換	Smart dashes	智能破折号	스마트 대시
スペース2回でピリオドを入力	Add period with double-space	连按两下空格键插入句号	스페이스를 두 번 눌러 마침표 추가
スマート引用符	Smart quotes	智能引号	스마트 따옴표
キーボードナビゲーション	Keyboard navigation	键盘导航	키보드 탐색
マウスの軌跡の速さ	Mouse tracking speed	鼠标跟踪速度	마우스 이동 속도
トラックパッドの軌跡の速さ	Trackpad tracking speed	触控板跟踪速度	트랙패드 이동 속도
ナチュラルなスクロール	Natural scrolling	自然滚动	자연스러운 스크롤
強めのクリックと触覚フィードバック	Force Click and haptic feedback	用力点按和触感反馈	강한 클릭 및 햅틱 피드백
ページ間をスワイプ（スクロール）	Swipe between pages (scroll)	在页面之间轻扫（滚动）	페이지 간 쓸어넘기기(스크롤)
警告音の音量	Alert volume	提示音音量	경고음 음량
警告音で画面を点滅	Flash the screen on alerts	提示音时闪烁屏幕	경고음 시 화면 깜박이기
ユーザーインターフェイスのサウンドエフェクト	Play user interface sound effects	播放用户界面音效	사용자 인터페이스 사운드 효과 재생
Dockを自動的に表示／非表示	Automatically hide and show the Dock	自动隐藏和显示程序坞	자동으로 Dock 가리기와 보기
自動表示までの遅延（秒）	Auto-show delay (seconds)	自动显示延迟（秒）	자동 보기 지연(초)
自動表示のアニメーション時間	Auto-show animation duration	自动显示动画时长	자동 보기 애니메이션 시간
サイズ	Size	大小	크기
拡大	Magnification	放大	확대
拡大時のサイズ	Magnified size	放大后的大小	확대 크기
画面上の位置	Position on screen	在屏幕上的位置	화면상의 위치
ウィンドウをしまうときのエフェクト	Minimize windows using	最小化窗口时使用	윈도우 최소화 효과
ウィンドウをアプリケーションアイコンにしまう	Minimize windows into application icon	将窗口最小化至应用图标	윈도우를 응용 프로그램 아이콘으로 최소화
起動中のアプリをアニメーションで表示	Animate opening applications	弹跳打开应用	응용 프로그램 열기 애니메이션
起動中のアプリにインジケータを表示	Show indicators for open applications	为打开的应用显示指示灯	열려 있는 응용 프로그램의 표시기 보기
提案されたアプリと最近使用したアプリを表示	Show suggested and recent apps in Dock	在程序坞中显示建议的应用和最近使用的应用	Dock에 추천 앱 및 최근 사용한 앱 보기
起動中のアプリだけ表示	Show only open applications	仅显示打开的应用	열려 있는 응용 프로그램만 보기
最新の使用状況に基づいて操作スペースを並べ替え	Automatically rearrange Spaces based on most recent use	根据最近的使用情况自动重新排列空间	최근 사용 내역에 따라 자동으로 Spaces 재정렬
ウィンドウをアプリケーションごとにグループ化	Group windows by application	按应用程序将窗口分组	응용 프로그램별로 윈도우 그룹화
ウィンドウを上端へドラッグして Mission Control	Drag windows to top of screen to enter Mission Control	将窗口拖移到屏幕顶部以进入调度中心	윈도우를 화면 상단으로 드래그하여 Mission Control 시작
アプリ切替時にその操作スペースへ移動	Switch to a Space with open windows when switching apps	切换应用时切换到有其打开窗口的空间	앱 전환 시 열린 윈도우가 있는 Space로 전환
ディスプレイごとに個別の操作スペース	Displays have separate Spaces	显示器具有单独的空间	디스플레이마다 별도의 Spaces 사용
Mission Control のジェスチャ	Mission Control gesture	调度中心手势	Mission Control 제스처
アプリ Exposé のジェスチャ	App Exposé gesture	应用 Exposé 手势	앱 Exposé 제스처
デスクトップを表示のジェスチャ	Show Desktop gesture	显示桌面手势	데스크탑 보기 제스처
Launchpad のジェスチャ	Launchpad gesture	启动台手势	Launchpad 제스처
左上	Top left	左上	왼쪽 위
右上	Top right	右上	오른쪽 위
左下	Bottom left	左下	왼쪽 아래
右下	Bottom right	右下	오른쪽 아래
デスクトップにアイコンを表示	Show icons on the desktop	在桌面上显示图标	데스크탑에 아이콘 보기
情報ウィンドウのアニメーション	Get Info window animation	简介窗口动画	정보 가져오기 윈도우 애니메이션
ウィンドウのズームアニメーション	Window zoom animation	窗口缩放动画	윈도우 확대/축소 애니메이션
すべてのアニメーションを無効	Disable all animations	停用所有动画	모든 애니메이션 끄기
既定の表示方法	Default view	默认显示方式	기본 보기
検索の範囲	When performing a search	执行搜索时	검색 수행 시
新規ウィンドウで表示	New Finder windows show	新建访达窗口时打开	새로운 Finder 윈도우에서 보기
新規ウィンドウのフォルダ	Folder for new windows	新窗口的文件夹	새 윈도우의 폴더
フォルダをタブで開く	Open folders in tabs instead of new windows	在标签页中打开文件夹（而不是新窗口）	새로운 윈도우 대신 탭에서 폴더 열기
デスクトップに内蔵ディスクを表示	Show hard disks on the desktop	在桌面上显示硬盘	데스크탑에 하드 디스크 보기
デスクトップに外部ディスクを表示	Show external disks on the desktop	在桌面上显示外置磁盘	데스크탑에 외장 디스크 보기
デスクトップにリムーバブルメディアを表示	Show removable media on the desktop	在桌面上显示可移除介质	데스크탑에 이동식 미디어 보기
デスクトップに接続中のサーバを表示	Show connected servers on the desktop	在桌面上显示已连接的服务器	데스크탑에 연결된 서버 보기
サイドバーに最近使ったタグを表示	Show recent tags in the sidebar	在边栏中显示最近使用的标签	사이드바에 최근 태그 보기
パスバーを表示	Show path bar	显示路径栏	경로 막대 보기
ステータスバーを表示	Show status bar	显示状态栏	상태 막대 보기
タイトルにフルパスを表示	Show full path in the title	在标题中显示完整路径	제목에 전체 경로 보기
フォルダを常に先頭に表示	Keep folders on top	将文件夹保留在顶部	폴더를 맨 위에 유지
拡張子を変更する前に警告	Show warning before changing an extension	更改扩展名之前显示警告	확장자를 변경하기 전에 경고 보기
ゴミ箱を空にする前に警告	Show warning before emptying the Trash	清倒废纸篓之前显示警告	휴지통을 비우기 전에 경고 보기
30日後にゴミ箱から項目を削除	Remove items from the Trash after 30 days	30 天后移除废纸篓中的项目	30일 후 휴지통에서 항목 제거
不可視ファイルを表示	Show hidden files	显示隐藏文件	숨김 파일 보기
ネットワークに .DS_Store を作らない	Don’t create .DS_Store on network volumes	不在网络卷上创建 .DS_Store	네트워크 볼륨에 .DS_Store 만들지 않기
USBに .DS_Store を作らない	Don’t create .DS_Store on USB volumes	不在 USB 卷上创建 .DS_Store	USB 볼륨에 .DS_Store 만들지 않기
画面の端へドラッグしてタイル表示	Drag windows to screen edges to tile	将窗口拖移到屏幕边缘以平铺	윈도우를 화면 가장자리로 드래그하여 타일 배열
メニューバーへドラッグしてフルスクリーン表示	Drag windows to menu bar to fill screen	将窗口拖移到菜单栏以填充屏幕	윈도우를 메뉴 막대로 드래그하여 화면 채우기
optionキーを押しながらタイル表示	Hold Option key while dragging windows to tile	拖移窗口时按住 Option 键以平铺	윈도우를 드래그하는 동안 Option 키를 눌러 타일 배열
タイル表示したウィンドウに余白	Tiled windows have margins	平铺的窗口有边距	타일 배열된 윈도우에 여백 두기
壁紙クリックでデスクトップを表示	Click wallpaper to reveal desktop	点按墙纸以显示桌面	배경화면을 클릭하여 데스크탑 보기
デスクトップ項目を隠す	Hide desktop items	隐藏桌面项目	데스크탑 항목 가리기
ウィジェットを隠す	Hide widgets	隐藏小组件	위젯 가리기
ステージマネージャ	Stage Manager	台前调度	스테이지 매니저
ステージマネージャでデスクトップ項目を隠す	Hide desktop items in Stage Manager	在台前调度中隐藏桌面项目	스테이지 매니저에서 데스크탑 항목 가리기
ステージマネージャでウィジェットを隠す	Hide widgets in Stage Manager	在台前调度中隐藏小组件	스테이지 매니저에서 위젯 가리기
ステージマネージャで最近使ったアプリを隠す	Hide recent apps in Stage Manager	在台前调度中隐藏最近使用的应用	스테이지 매니저에서 최근 사용한 앱 가리기
アプリのウィンドウを表示	Show windows from an application	显示应用程序的窗口	응용 프로그램의 윈도우 보기
保存先	Save location	存储位置	저장 위치
ファイル形式	File format	文件格式	파일 포맷
ファイル名	File name	文件名	파일 이름
フローティングサムネールを表示	Show floating thumbnail	显示浮动缩略图	플로팅 썸네일 보기
ウィンドウの影を付けない	Don’t include window shadows	不包括窗口阴影	윈도우 그림자 포함 안 함
ファイル名に日付を含める	Include date in file name	在文件名中包括日期	파일 이름에 날짜 포함
マウスポインタを表示	Show mouse pointer	显示鼠标指针	마우스 포인터 보기
メニューバーを自動的に非表示	Automatically hide and show the menu bar	自动隐藏和显示菜单栏	자동으로 메뉴 막대 가리기와 보기
フルスクリーンでメニューバーを表示	Show menu bar in full screen	在全屏幕时显示菜单栏	전체 화면에서 메뉴 막대 보기
メニューバーの文字サイズ	Menu bar text size	菜单栏文字大小	메뉴 막대 텍스트 크기
曜日を表示	Show the day of the week	显示星期	요일 보기
午前／午後を表示	Show AM/PM	显示上午/下午	오전/오후 보기
日付を表示	Show date	显示日期	날짜 보기
秒を表示	Display the time with seconds	显示秒	초 단위로 시간 보기
区切り文字を点滅	Flash the time separators	闪烁时间分隔符	시간 구분자 깜박이기
アナログ	Analog	模拟	아날로그
ダウンロードしたアプリの確認ダイアログ	Confirm before opening downloaded apps	打开下载的应用前确认	다운로드한 앱을 열기 전에 확인
起動時のプロファイル	Profile on startup	启动时的描述文件	시작 시 프로파일
デフォルトのプロファイル	Default profile	默认描述文件	기본 프로파일
タップでクリック	Tap to click	轻点来点按	탭하여 클릭하기
副ボタンのクリック（2本指）	Secondary click (two fingers)	辅助点按（双指）	보조 클릭(두 손가락)
副ボタンのクリック（右下隅）	Secondary click (bottom right corner)	辅助点按（右下角）	보조 클릭(오른쪽 하단 모서리)
クリックの強さ	Click pressure	点按力度	클릭 강도
強めのクリックを抑制	Suppress Force Click	抑制用力点按	강한 클릭 억제
サイレントクリック	Silent clicking	静音点按	조용한 클릭
3本指のドラッグ	Three-finger drag	三指拖移	세 손가락 드래그
ドラッグ（ダブルタップ）	Dragging (double tap)	拖移（连按）	드래그(이중 탭)
ドラッグロック	Drag lock	拖移锁定	드래그 잠금
拡大／縮小（ピンチ）	Zoom in or out (pinch)	放大或缩小（双指捏合）	확대 또는 축소(핀치)
回転	Rotate	旋转	회전
スマートズーム（2本指ダブルタップ）	Smart zoom (two-finger double tap)	智能缩放（双指连按）	스마트 확대/축소(두 손가락 이중 탭)
通知センター（右端から2本指）	Notification Center (two fingers from right edge)	通知中心（双指从右边缘）	알림 센터(오른쪽 가장자리에서 두 손가락)
調べる（3本指タップ）	Look up (three-finger tap)	查询（三指轻点）	찾아보기(세 손가락 탭)
3本指の左右スワイプ	Three-finger horizontal swipe	三指左右轻扫	세 손가락 좌우 쓸어넘기기
3本指の上下スワイプ	Three-finger vertical swipe	三指上下轻扫	세 손가락 상하 쓸어넘기기
4本指の左右スワイプ	Four-finger horizontal swipe	四指左右轻扫	네 손가락 좌우 쓸어넘기기
4本指の上下スワイプ	Four-finger vertical swipe	四指上下轻扫	네 손가락 상하 쓸어넘기기
4本指のピンチ	Four-finger pinch	四指捏合	네 손가락 핀치
5本指のピンチ	Five-finger pinch	五指捏合	다섯 손가락 핀치
慣性スクロール	Scrolling with momentum	惯性滚动	관성 스크롤
マウス接続時にトラックパッドを無視	Ignore trackpad when a mouse is connected	连接鼠标时忽略触控板	마우스 연결 시 트랙패드 무시
なし	None	无	없음
アプリケーションウインドウ	Application Windows	应用程序窗口	응용 프로그램 윈도우
デスクトップ	Desktop	桌面	데스크탑
スクリーンセーバを開始	Start Screen Saver	启动屏幕保护程序	화면 보호기 시작
スクリーンセーバを無効	Disable Screen Saver	停用屏幕保护程序	화면 보호기 끄기
ディスプレイをスリープ	Put Display to Sleep	让显示器进入睡眠	디스플레이 잠자기
Launchpad	Launchpad	启动台	Launchpad
通知センター	Notification Center	通知中心	알림 센터
画面をロック	Lock Screen	锁定屏幕	화면 잠금
クイックメモ	Quick Note	快速备忘录	빠른 메모
自動	Automatic	自动	자동
スクロール時	When scrolling	滚动时	스크롤할 때
常に	Always	始终	항상
ズーム	Zoom	缩放	확대/축소
フィル	Fill	填充	채우기
何もしない	Do Nothing	不执行任何操作	아무것도 안 함
フルスクリーン時	In Full Screen	全屏幕时	전체 화면에서
手動	Never	永不	안 함
入力ソースを変更	Change Input Source	更改输入法	입력 소스 변경
絵文字と記号を表示	Show Emoji & Symbols	显示表情与符号	이모티콘 및 기호 보기
音声入力を開始	Start Dictation	开始听写	받아쓰기 시작
弱い	Light	轻	약하게
中	Medium	中	중간
強い	Firm	重	강하게
左	Left	左	왼쪽
下	Bottom	底部	하단
右	Right	右	오른쪽
ジニー	Genie Effect	神奇效果	지니 효과
スケール	Scale Effect	缩放效果	크기 효과
吸い込み	Suck Effect	吸入效果	흡입 효과
アイコン	Icons	图标	아이콘
リスト	List	列表	목록
カラム	Columns	分栏	계층
ギャラリー	Gallery	画廊	갤러리
このMac	This Mac	这台 Mac	이 Mac
現在のフォルダ	Current Folder	当前文件夹	현재 폴더
前回の検索範囲	Previous Search Scope	使用上一次的搜索范围	이전 검색 범위
コンピュータ	Computer	电脑	컴퓨터
ボリューム	Volume	宗卷	볼륨
ホーム	Home	个人	홈
書類	Documents	文稿	문서
最近の項目	Recents	最近使用	최근 항목
iCloud Drive	iCloud Drive	iCloud 云盘	iCloud Drive
すべて同時に	All at Once	一次性全部	한 번에 모두
1つずつ	One at a Time	一次一个	한 번에 하나씩
デスクトップのみ	On Desktop Only	仅在桌面上	데스크탑에서만
フルスクリーンのみ	In Full Screen Only	仅在全屏幕时	전체 화면에서만
しない	Never	永不	안 함
大	Large	大	크게
スペースがある場合	When Space Allows	空间允许时	공간이 있을 때
PNG	PNG	PNG	PNG
JPEG	JPEG	JPEG	JPEG
HEIC	HEIC	HEIC	HEIC
TIFF	TIFF	TIFF	TIFF
PDF	PDF	PDF	PDF
GIF	GIF	GIF	GIF
BMP	BMP	BMP	BMP
時計	Clock	时钟	시계
ターミナル	Terminal	终端	터미널
マウス	Mouse	鼠标	마우스
トラックパッド	Trackpad	触控板	트랙패드
おすすめの設定	Recommended Settings	推荐设置	추천 설정
おすすめの設定を「変更後」に入れる	Put the recommended settings in “New Value”	将推荐设置填入“新值”	추천 설정을 ‘새 값’에 넣습니다
おすすめの設定を読み込む	Load Recommended Settings	载入推荐设置	추천 설정 불러오기
おすすめの設定は、このMacにすべて適用済みです。	All recommended settings are already applied on this Mac.	推荐设置已全部应用到这台 Mac。	추천 설정이 이 Mac에 모두 적용되어 있습니다.
起動時にサウンドを再生	Play sound on startup	启动时播放声音	시동 시 사운드 재생
ホットコーナー	Hot Corners	触发角	핫 코너
文字入力	Text Input	文本输入	텍스트 입력
ポインタのサイズ（1〜4）	Pointer size (1–4)	指针大小（1–4）	포인터 크기(1–4)
現在の設定をマイプリセットに保存…	Save Current Settings as My Preset…	将当前设置存储为我的预设…	현재 설정을 내 프리셋으로 저장…
マイプリセットを読み込む	Load My Preset	载入我的预设	내 프리셋 불러오기
マイプリセットのフォルダを表示	Show My Preset Folder	显示我的预设文件夹	내 프리셋 폴더 보기
マイプリセット	My Preset	我的预设	내 프리셋
マイプリセットを保存できませんでした	Could Not Save My Preset	无法存储我的预设	내 프리셋을 저장할 수 없습니다
iCloud Driveが使えません。システム設定でiCloud Driveをオンにするか、設定の「マイプリセット」タブで保存先を変えてください。	iCloud Drive is not available. Turn on iCloud Drive in System Settings, or change the location in the My Preset tab of Settings.	iCloud 云盘不可用。请在系统设置中打开 iCloud 云盘，或在设置的“我的预设”标签中更改存储位置。	iCloud Drive를 사용할 수 없습니다. 시스템 설정에서 iCloud Drive를 켜거나, 설정의 ‘내 프리셋’ 탭에서 저장 위치를 바꾸세요.
マイプリセットを今の設定で上書きしますか？	Replace My Preset with the current settings?	要用当前设置替换我的预设吗？	현재 설정으로 내 프리셋을 덮어쓸까요?
前回のマイプリセットは「%@」として残します。	The previous My Preset is kept as “%@”.	上一次的我的预设将保留为“%@”。	이전 내 프리셋은 ‘%@’로 남겨 둡니다.
上書き	Replace	替换	덮어쓰기
マイプリセットを保存しました	My Preset Saved	已存储我的预设	내 프리셋을 저장했습니다
%@件の設定を「%@」に保存しました。新しいMacでは「マイプリセットを読み込む」を選び、「適用」を押します。	Saved %@ settings to “%@”. On a new Mac, choose “Load My Preset”, then click “Apply”.	已将 %@ 项设置存储到“%@”。在新 Mac 上选择“载入我的预设”，然后点按“应用”。	%@개의 설정을 ‘%@’에 저장했습니다. 새 Mac에서는 ‘내 프리셋 불러오기’를 선택한 뒤 ‘적용’을 누릅니다.
マイプリセットがありません	No My Preset	没有我的预设	내 프리셋이 없습니다
「%@」が見つかりません。iCloud Driveの同期が終わっていない場合は、しばらく待ってからもう一度選んでください。	“%@” was not found. If iCloud Drive has not finished syncing, wait a moment and try again.	找不到“%@”。如果 iCloud 云盘尚未完成同步，请稍候再试。	‘%@’을(를) 찾을 수 없습니다. iCloud Drive 동기화가 끝나지 않았다면 잠시 후 다시 선택하세요.
選択	Choose	选择	선택
最終保存：%@	Last saved: %@	上次存储：%@	마지막 저장: %@
今のMacの設定一式をiCloud Driveに保存し、新しいMacで読み込む	Save this Mac’s settings to iCloud Drive and load them on a new Mac	将这台 Mac 的设置存储到 iCloud 云盘，并在新 Mac 上载入	이 Mac의 설정을 iCloud Drive에 저장하고 새 Mac에서 불러옵니다
変更…	Change…	更改…	변경…
iCloud Driveに戻す	Use iCloud Drive	恢复为 iCloud 云盘	iCloud Drive로 되돌리기
新しいMacでは既定のiCloud Driveを探します。別のフォルダに変えた場合は、新しいMacでも同じフォルダを指定し直してください。	On a new Mac, the app looks in iCloud Drive. If you choose another folder, choose the same folder again on the new Mac.	在新 Mac 上会在 iCloud 云盘中查找。如果更改为其他文件夹，请在新 Mac 上重新指定同一文件夹。	새 Mac에서는 기본 위치인 iCloud Drive를 찾습니다. 다른 폴더로 바꾼 경우 새 Mac에서도 같은 폴더를 다시 지정하세요.
ターミナルのウインドウフォーカスを使用	Focus Terminal windows under the pointer	使用终端窗口焦点（跟随指针）	포인터 아래 터미널 윈도우에 초점
アニメーション	Animation	动画	애니메이션
視差効果	Parallax effect	视差效果	시차 효과
ズーム機能	Zoom	缩放	확대/축소
キーボードショートカットを使って拡大・縮小	Use keyboard shortcuts to zoom	使用键盘快捷键来缩放	키보드 단축키를 사용하여 확대/축소
最大拡大率	Maximum zoom	最大缩放	최대 확대/축소
最小縮小率	Minimum zoom	最小缩放	최소 확대/축소
ショートカット：ズーム機能のオン／オフ	Shortcut: Turn zoom on or off	快捷键：打开或关闭缩放	단축키: 확대/축소 켜기/끄기
ショートカット：拡大	Shortcut: Zoom in	快捷键：放大	단축키: 확대
F1	F1	F1	F1
F2	F2	F2	F2
⌥⌘8	⌥⌘8	⌥⌘8	⌥⌘8
⌥⌘=	⌥⌘=	⌥⌘=	⌥⌘=
ショートカット：次のウインドウを操作対象にする	Shortcut: Move focus to next window	快捷键：将焦点移到下一个窗口	단축키: 다음 윈도우로 초점 이동
⌘`	⌘`	⌘`	⌘`
トラックパッドのジェスチャを使って拡大・縮小	Use trackpad gesture to zoom	使用触控板手势来缩放	트랙패드 제스처를 사용하여 확대/축소
スクロールジェスチャと修飾キーを使って拡大・縮小	Use scroll gesture with modifier keys to zoom	结合修饰键使用滚动手势来缩放	보조 키와 스크롤 제스처를 사용하여 확대/축소
ズーム方法	Zoom style	缩放样式	확대/축소 스타일
フルスクリーン	Full Screen	全屏幕	전체 화면
カーソルに追従	Follow the pointer	跟随指针	포인터 따라가기
キャップスロックインジケータを表示する	Show Caps Lock indicator	显示大写锁定指示器	Caps Lock 표시기 보기
キャップスロックインジケータは、Macを再起動すると反映されます。	The Caps Lock indicator setting takes effect after you restart the Mac.	大写锁定指示器的设置在重新启动 Mac 后生效。	Caps Lock 표시기 설정은 Mac을 재시동하면 반영됩니다.
起動時のサウンドとキャップスロックインジケータの書き込みでは、管理者のパスワードを求められます。	Writing the startup sound and Caps Lock indicator settings asks for an administrator password.	写入启动声音和大写锁定指示器的设置时需要输入管理员密码。	시동 사운드와 Caps Lock 표시기 설정을 기록할 때 관리자 암호를 요구합니다.
このMacでは管理者のパスワードなしに読み取れないため、PrefsPresetで最後に適用した値を「現在の値」に表示します。書き込みでは管理者のパスワードを求められます。	This setting cannot be read without an administrator password, so “Current Value” shows the value PrefsPreset last applied. Writing asks for an administrator password.	此设置无法在没有管理员密码的情况下读取，因此“当前值”显示 PrefsPreset 上次应用的值。写入时需要输入管理员密码。	이 설정은 관리자 암호 없이 읽을 수 없으므로 ‘현재 값’에는 PrefsPreset이 마지막으로 적용한 값을 표시합니다. 기록할 때 관리자 암호를 요구합니다.
書き込みでは管理者のパスワードを求められます。	Writing asks for an administrator password.	写入时需要输入管理员密码。	기록할 때 관리자 암호를 요구합니다.
